1.217168055994166317e-02,1.322692658314813564e-02,1.114983819458461811e+00,1.159447492292050783e-02,1.765659384297205481e+00,7.285858449001347825e-01,1.257960624323129634e-02,1.303159352805421278e+00,1.247142681046237822e+00,5.609160966863059317e-01,1.169799446095900683e-02,1.025412477468120587e+00,2.237737568467528693e+00,1.971876537043824262e+00,4.568321140675288272e-01,1.166461159412117594e-02,8.777718470912558857e-01,1.837840411765360171e+00,2.095778483747724685e+00,1.476297307962607608e+00,3.744564632491659828e-01,1.010051305093563785e-02,1.768974031913410183e+00,1.428998366143584775e+00,1.992673512984601825e+00,1.841783278923124323e+00,1.145447129285375176e+00,1.339933379529846036e+00
1.328287694679418027e-02,1.361307559367093065e-02,1.003542226280703886e+00,1.417584978271222915e-02,1.667448123699670548e+00,6.609316453400888580e-01,1.104309031839183913e-02,1.249571166728956628e+00,1.192887253052031360e+00,1.513602452492255779e+00,1.347446942189934813e-02,1.002322284066593516e+00,1.231559601529647940e+00,1.288915725720912286e+00,2.335871146463508463e+00,1.214315100928665264e-02,8.446568341113085410e-01,2.131281550417980952e+00,1.262890787949932925e+00,2.631250842594888617e+00,2.946603827740167603e+00,1.169856129846633640e-02,7.470648700559587851e-01,1.773207342904885797e+00,1.568609147051411412e+00,1.845902988568751235e+00,2.478446582726815173e+00,3.765740522777173194e+00
1.198963025429684512e-02,1.174144482098242286e-02,1.117141290541537879e+00,1.245069398307407059e-02,7.731444832809499790e-01,1.732341903320503418e+00,1.112852468338641071e-02,1.582110471870437074e+00,1.130447792821177799e+00,1.314712611172982548e+00,1.196278116889433474e-02,1.266239698842573258e+00,1.325502377941122578e+00,1.053705295342961534e+00,9.290047537846535253e-01,1.250367980138921385e-02,1.065935685399802990e+00,1.297590577890970209e+00,1.183854284010408264e+00,1.018042873664934733e+00,6.428776747397619840e-01,1.225634253591036983e-02,9.155366108783964396e-01,1.240593640953700616e+00,2.222729115219030049e+00,2.121498865446307835e+00,9.192530655597459521e-01,4.013743091804351515e-01
3.157456666600726158e-02,3.143694603393291931e-02,1.013769627658058115e+00,3.205204061560642387e-02,1.952222424946470358e+00,1.553852091915525202e+00,3.192349642392122017e-02,2.496439202843777405e+00,1.740478546355814782e+00,1.021923189680081778e+00,3.508770350531795201e-02,3.005907218481658649e+00,3.054601705069058148e+00,2.566355411035104783e+00,8.261668899925417309e-01,3.309844837577432392e-02,2.288746326523853902e+00,4.057219647245570826e+00,3.805740441856714451e+00,1.922474066843188334e+00,6.710477619843994157e-01,2.887856677900188518e-02,1.967874508382278398e+00,3.554372370920948487e+00,4.947996224500110785e+00,4.000184694268003049e+00,2.539636442849900977e+00,5.403032215799655757e-01
2.085618040716308297e-02,2.056344040939945758e-02,1.143876300973261095e+00,2.092156387220369188e-02,1.739708196090076875e+00,1.746335584741085301e+00,2.013026974295856197e-02,1.300353073064130172e+00,1.747605329806522612e+00,1.305098634615490472e+00,2.120167843653202738e-02,2.024503446108450788e+00,2.791823471256925870e+00,2.575210691140866981e+00,1.165822238877972650e+00,2.129540132077222328e-02,1.676854153225465716e+00,2.525507942089063373e+00,3.681681929552547583e+00,2.137096248668690190e+00,1.016790880091438254e+00,2.272823283791899213e-02,1.434090752666179247e+00,3.374449536039179964e+00,4.169349662086389685e+00,4.020513518415411269e+00,1.690652045787832680e+00,8.739408698455900515e-01
1.133414954325109511e-02,1.016684789278840192e-02,1.025044856916639713e+00,1.149152896786375527e-02,1.697431494894213078e+00,1.685722777548818829e+00,9.628424690341752523e-03,1.264898332252652580e+00,1.685031985967692103e+00,1.133212142214852003e+00,1.181699113000744122e-02,1.020344121985145236e+00,1.603859829858711672e+00,1.375439816772439094e+00,8.934055109132367223e-01,1.079772105999418121e-02,1.870191188979322794e+00,1.406808416357562042e+00,1.466292727654751493e+00,1.202591193746445519e+00,7.396552710222225047e-01,1.065262066665448489e-02,2.633999956754605964e+00,1.565740840844539239e+00,2.440948099744449262e+00,2.356752807695374319e+00,1.070618559622491750e+00,6.278270597355158911e-01
1.145633334877159404e-02,1.219776398457533308e-02,9.913722758001340951e-01,1.059314548565483925e-02,7.076783827513670744e-01,1.661321683727035925e+00,1.135288336495727905e-02,5.399261917309847725e-01,2.183794390734472124e+00,1.234883344168491881e+00,1.023830430366410443e-02,4.314888761989434940e-01,1.515998526738887131e+00,3.062505866371362018e+00,1.985854560921780587e+00,1.096537693461198913e-02,9.869183405466340486e-02,1.199131968418025496e+00,2.294254916321359250e+00,2.701790493595081610e+00,2.666035812696403884e+00,1.168035766685618544e-02,8.574338887517676810e-02,8.785182257020924812e-01,1.702827544745421751e+00,2.479756584290239374e+00,2.686554943971029008e+00,2.159366913126708809e+00
1.164634892500037745e-02,1.200233713821617643e-02,-1.167780878868276695e-01,1.281230007408320874e-02,-1.152214080535181179e-01,-5.403583557714158880e-02,1.311841944340163234e-02,-1.146666807165587498e-01,-5.555388042495968542e-02,9.327672004181106757e-01,1.382437449838931111e-02,1.008532397324449548e+00,-4.363690389724659419e-02,3.283823340732590079e-01,7.438261188176453764e-01,1.207010862068703255e-02,8.449845312902464212e-01,3.132901168465041519e-01,1.312503439193229982e-01,2.374289298882130139e-01,1.599866189841909758e+00,1.050635792797790895e-02,1.738721697374670416e+00,4.796195407489353135e-01,2.080250964009016379e-01,1.828771932782970733e-01,3.574217380749520334e-01,2.606656281018175481e+00
1.252643621846025526e-02,1.156663602961355980e-02,1.137930119136703722e+00,1.015982497514838871e-02,5.830887319561165461e-01,7.724721427755064651e-01,1.177571542351796112e-02,4.346561420751596794e-01,6.966391464116511445e-01,5.875094321478515624e-01,1.252695264864648293e-02,1.363809484860839971e+00,5.908502386763545555e-01,6.500668708199722756e-01,4.872492632346741015e-01,4.526879397409661748e-03,1.129790926681596197e+00,8.517203498065546441e-01,6.236277557550690132e-01,5.824595358526128974e-01,4.191461267444333560e-01,5.233358082899470728e-03,1.965008146993652005e+00,9.272769299962979606e-01,7.227274482466146122e-01,6.077793086324673189e-01,5.252591519587479496e-01,3.749977803340382998e-01
6.738447507584451740e-03,5.234495755335763154e-03,1.005002101876848429e-02,4.109904771093364668e-03,7.318633431899625175e-03,1.009507402620382743e+00,5.197752840905324467e-03,1.049546814404191120e-02,1.503022156197022730e+00,1.876475336784984238e+00,6.262025782554440576e-03,1.011678486344772310e+00,6.515520410737671853e-01,2.649111657763977057e+00,2.500737698301430001e+00,7.546294635550969757e-03,1.837893295621060963e+00,7.756102031265184049e-01,2.649828533175088818e+00,3.600352090078306144e+00,2.087623974777552682e+00,6.145398351963077439e-03,1.561201296305920971e+00,1.086599416240529248e+00,2.838221636308122964e+00,4.175726059917224120e+00,3.183879435687977821e+00,1.663506610393699514e+00
1.042928345550904641e-02,6.793176819210496910e-03,1.378236043682275203e-02,6.110687538531786069e-03,1.334407328934328514e-02,1.025723722754404488e+00,6.077069106497456734e-03,1.389316038067703839e-02,1.518742464619869503e+00,7.690580305824684659e-01,6.143374816258460186e-03,1.462066618272981310e-02,9.364551958936881970e-01,1.209996413148701544e+00,1.599216612565246276e+00,6.590817883332102459e-03,1.897451044696251560e-02,1.626667758450599077e+00,2.065660885858315865e+00,1.331198826903640109e+00,2.469272875241537601e+00,4.805128950772953079e-03,1.759830182098940168e-02,1.174799250836193965e+00,1.870475034112565771e+00,1.755822030935700662e+00,1.669473955340966764e+00,2.103646760153294881e+00
1.401963953596630820e-02,1.394455862623916395e-02,1.147399412862630586e+00,1.284532152071152407e-02,7.681215900435315325e-01,7.843611292625958242e-01,1.407107556089608191e-02,5.694979748552141396e-01,1.786196074804871747e+00,5.906924698469691037e-01,1.481907038181418459e-02,1.465606496418829341e+00,1.297663120641223022e+00,1.299598329027165322e+00,1.621077358783366673e+00,1.371950104544258225e-02,1.228038659671372379e+00,1.366036325660924478e+00,1.289355958364702293e+00,1.400159219932276100e+00,1.358684441931895082e+00,1.396121737460341052e-02,1.079714529705669834e+00,1.284347031223270763e+00,1.308473690387504718e+00,2.617779009326374862e+00,2.654388771581085216e+00,2.143612897341620194e+00
1.207317044358862355e-02,1.103416306080384421e-02,1.007555989380988670e+00,1.281893212266463182e-02,6.483714515318602656e-01,6.860742894259507230e-01,1.153643258485852023e-02,4.998224598221046588e-01,1.650892571414575682e+00,4.044765972571565116e-01,1.237162145501681694e-02,1.403611397832144947e+00,2.184109286330859323e+00,1.156098288656691286e+00,3.264646091169738362e-01,1.417997507732374381e-02,2.163078873643271116e+00,2.918715127212025973e+00,1.689271230155540593e+00,8.847880802913458131e-01,1.412190769643772714e-01,1.029102464444604098e-02,1.825826321102914207e+00,2.717518968171925398e+00,2.196532609184988605e+00,1.084502227691033660e+00,4.326767929190607487e-01,1.151560641997194212e+00
1.597540773546823889e-02,1.365865013987080205e-02,4.083168043892411447e-02,8.901121569335210607e-03,2.118329533480117072e-02,4.436336471079611876e-02,8.623687327755424903e-03,1.875243762846370496e-02,3.398020737800290514e-02,4.717517449223016662e-02,7.858807912623602329e-03,1.854779130697748607e-02,3.218235948663440704e-02,4.081970855712691720e-02,4.729558528121413641e-02,8.465134233601144531e-03,1.645995469893108548e-02,3.099317719185433126e-02,3.859704333127060571e-02,4.381025770821782989e-02,4.609458402934503429e-02,7.493297392370738656e-03,1.545510887445858579e-02,3.122740155025551662e-02,3.906963857315434718e-02,4.075890525468955222e-02,4.349533399879876999e-02,4.986750000334151667e-02
1.472103209674653808e-02,1.361757810587494594e-02,1.034982294293375293e+00,1.486999660723333991e-02,1.617951814023353085e+00,1.718532714715490295e+00,1.444870649875066269e-02,2.238088767378976218e+00,1.656737025160756938e+00,2.431677566678283942e+00,1.537991250089801136e-02,1.794955043134774941e+00,1.883141415918722750e+00,1.957551090373978120e+00,1.940169167321793120e+00,1.279013614638508517e-02,2.517431994071904100e+00,2.842766356498733771e+00,2.937206656174029540e+00,1.699607875958337067e+00,2.635898984122589717e+00,2.184144084885081272e-02,2.150445474141480240e+00,2.762411106019098561e+00,2.873393256847240451e+00,2.418698657280902609e+00,2.074510135263282429e+00,2.166701396946532743e+00
1.642144884679356057e-02,1.399618215333314590e-02,1.023058277169440977e+00,1.471659632588114171e-02,6.687562940751566876e-01,1.812341384957152801e+00,1.594182424206377555e-02,1.473341350353694068e+00,2.239274717900283207e+00,2.359000595561376201e+00,1.494938106881311610e-02,1.181967537108386646e+00,1.944440889390735450e+00,2.261490092904870686e+00,1.928884014651089496e+00,1.209266282874461168e-02,1.992163901500609402e+00,1.702530638772584926e+00,2.055277997125163125e+00,2.145826095350848117e+00,1.472423081211023277e+00,1.445277167543437477e-02,1.706738915586769156e+00,1.808223636349114205e+00,1.886112276749812633e+00,3.206163235454750016e+00,1.994045792784123083e+00,1.224509523900273678e+00
1.455607676880485424e-02,1.574559924195534713e-02,1.121771594331471000e+00,1.561906300893354561e-02,1.773211322622764818e+00,7.517909758934211428e-01,1.408045123317879475e-02,2.337376004822812714e+00,1.136562094329513606e+00,5.654130721785705083e-01,1.597053358475957613e-02,1.880253715431992045e+00,2.585379340240726354e+00,8.992510270828685259e-01,4.491885083416798929e-01,1.532476152193426762e-02,2.594386724648958253e+00,3.455124116906030274e+00,1.735707338919643572e+00,7.522165690459218235e-01,3.751831771746982347e-01,1.248892687822890889e-02,2.229499150048972922e+00,3.068896212052064865e+00,2.482600767611804038e+00,1.316956612306555696e+00,6.283477140976968522e-01,3.150699732155874400e-01
1.318940503697414376e-02,1.233375539191955417e-02,1.131499587433751008e+00,1.186662537234969839e-02,7.513467874822785664e-01,7.408484810889142125e-01,1.289560753743300078e-02,1.572914272140387704e+00,7.526307369337109643e-01,5.384433052387008756e-01,1.302920426742160478e-02,2.264390591087111382e+00,2.072925928384431238e+00,1.913011588240727479e+00,1.439941562601793512e+00,1.181525743275424999e-02,2.886398643472704251e+00,2.130441757703777306e+00,1.993241890315156084e+00,1.759179743451606326e+00,2.205089471971972692e+00,1.271485627039703470e-02,2.492063070113821333e+00,2.350737660669494744e+00,2.027058858775807604e+00,1.893544879225614874e+00,1.611289974357758670e+00,2.896456114329244436e+00
1.347676209469961077e-02,1.092935926377075311e-02,2.608374152480370800e-02,9.704265110800936248e-03,2.243342732827995067e-02,3.490871713839086010e-02,8.763150297038677441e-03,1.846849630651175786e-02,2.629645820665233932e-02,2.829295299802089825e-02,7.803318028496089229e-03,1.656331593730506202e-02,2.451639130918314285e-02,2.645531313765367432e-02,4.291258977789461776e-02,9.759556668970359103e-03,1.986432454998547648e-02,2.355017233104722899e-02,2.381034279056002192e-02,2.911765243491862276e-02,6.405862202608754441e-02,9.858752224111096141e-03,2.096972115655701407e-02,2.241681694954738083e-02,2.267794928759849990e-02,2.788951005184122506e-02,3.013805076484088463e-02,7.157874316448394059e-02
1.105200620035269414e-02,1.081506671976707051e-02,9.900384510535001903e-01,1.101607606386784816e-02,6.616798649430842838e-01,1.653917815489331478e+00,1.160652741770223234e-02,5.010160236208534013e-01,1.151245052931720192e+00,1.226227027914701617e+00,1.125181666303112261e-02,1.365408194803374275e+00,1.911558197410118121e+00,1.169186804100179167e+00,9.942648733453925969e-01,9.602918107178328930e-03,1.132044764067323683e+00,2.742537541552688474e+00,1.532502327950923116e+00,1.111705979356744978e+00,8.246224387384478716e-01,1.064317906486645857e-02,1.975048921626852971e+00,3.269570390816606054e+00,3.063605781435130293e+00,1.354846310609781890e+00,1.035432805460351657e+00,5.879494742251993866e-01
1.745584503952435015e-02,1.819882904694420864e-02,9.789233221805740959e-01,1.733668793152088813e-02,1.688881831157823754e+00,1.627453586851917766e+00,1.741838516204914297e-02,2.397155262723553726e+00,1.662783109418656702e+00,1.166849948564773198e+00,1.847748040976592357e-02,1.930217529820717370e+00,1.957442070209739260e+00,1.461845554654083834e+00,1.948216169976496159e+00,1.643328451489365835e-02,2.623984633287207657e+00,2.973871006204196199e+00,1.721032447567060197e+00,1.587668463435432997e+00,1.436369078243948660e+00,1.610442844992461195e-02,3.244143337288077689e+00,3.873428634861368902e+00,3.254086179522246436e+00,1.665315334925595581e+00,1.568483453477185208e+00,1.226645354975693269e+00
1.326241890650300959e-02,1.301702011324766539e-02,1.018507781543221746e+00,1.513644528976651471e-02,1.694607413656706862e+00,7.049049164693833580e-01,1.913198727302569541e-02,1.277252164563892345e+00,1.200512874865447888e+00,5.373051188060730121e-01,3.286933289732804631e-02,1.013648980454670001e+00,1.230621907635596202e+00,9.237530677375508370e-01,4.444735667859515682e-01,-6.312311645313317676e-02,1.852798510001824939e+00,1.125663755410624356e+00,1.026764737080207102e+00,7.882258855671375741e-01,6.125324938644092221e-01,-7.009899642909235562e-02,1.549049930059225977e+00,1.472635755162103655e+00,8.558176414368716678e-01,8.633071604936972676e-01,6.831430543127421373e-01,4.887282320094559762e-01
8.564669535569649841e-03,7.234598014414175653e-03,1.716756490307317501e-02,4.853756310154578972e-03,7.302650726947267946e-03,2.091901531553370941e-02,4.201163168972225914e-03,5.374709615231755382e-03,1.722520559032156631e-02,2.201504195547900750e-02,4.853353510713037319e-03,4.884740479339136354e-03,1.623547637520373829e-02,2.225426988724676231e-02,2.569126691236414337e-02,4.702565592198787101e-03,5.753454333015913316e-03,1.597720457696748947e-02,2.063329080189936840e-02,2.413481239811287107e-02,2.077482247006049582e-02,5.029494923717126899e-03,6.975748572239150527e-03,1.609773794978625744e-02,1.909163910436031258e-02,2.307627810416111591e-02,1.917748130806335577e-02,3.361498699041803179e-02
1.770046406466966454e-02,1.088341084247381428e-02,2.531376124080653156e-02,1.175307773350577761e-02,3.180061970169624497e-02,1.127613490079519165e+00,1.126392581333083946e-02,2.997499544918657416e-02,1.800861768181347466e+00,1.828527395322317561e+00,1.130929640335950198e-02,3.402649193910466802e-02,2.356901348975471322e+00,1.798775321191835586e+00,2.460027793778841954e+00,1.022789010644622500e-02,3.153249978696583827e-02,1.574948554944277435e+00,1.847422883957347883e+00,3.049933088354335187e+00,2.032266219652151928e+00,1.045669217780385331e-02,3.402148820844532601e-02,1.134394564080459800e+00,2.735209252076945763e+00,3.363773058149716721e+00,3.758480800858889914e+00,1.731676602999762338e+00
1.501623645035016393e-02,1.312208166376745318e-02,2.701037565629926113e-02,1.258217053267625396e-02,2.563836018908212736e-02,2.979593735190325110e-02,1.268664931147938865e-02,2.634131647058607709e-02,2.939468652427957435e-02,3.214555207906113349e-02,1.012975027615011479e-02,2.147628307007005272e-02,2.702098683033198750e-02,2.959314798961241305e-02,3.119345648923841155e-02,7.341302048992582631e-03,1.581803937604892366e-02,2.488481209732285732e-02,2.931015500439780944e-02,3.171221816911746344e-02,3.646741747169128522e-02,6.012721371704372528e-03,1.300536290547079331e-02,2.190346305289003412e-02,2.746603889288688760e-02,3.094974171158345472e-02,3.219178832501212034e-02,3.232104095463800286e-02
8.059401088206888733e-03,6.036859468734117815e-03,1.401115157396953109e-02,4.849069799840068432e-03,9.621158798338826784e-03,1.389324683909480551e-02,3.715945832976364979e-03,6.759796940861041194e-03,1.347218065921958891e-02,2.165428552745017957e-02,5.569332051553859027e-03,1.154859876969582290e-02,1.205310284975337660e-02,1.272468802608021227e-02,1.330567401599765283e-02,5.780788036545907171e-03,1.224799470887499853e-02,1.247994169012166081e-02,1.209733316656202116e-02,1.436116371371023645e-02,1.441524605861576463e-02,5.905640017878525244e-03,1.217724647089986866e-02,1.245384113997349655e-02,1.224559593973000883e-02,1.416019684101343414e-02,1.516608570136080553e-02,1.285807889502138882e-02
1.395091191826881676e-02,1.346049062844922005e-02,1.055975615781715060e+00,1.423451496709161185e-02,1.709890342786481776e+00,1.692442342151975421e+00,1.281923014015088833e-02,2.280843683376785780e+00,1.702338242525701872e+00,1.290011296840274380e+00,1.421664811747141641e-02,1.833758468771837347e+00,1.941657668278588877e+00,1.507858536600320543e+00,9.059576662975729056e-01,1.410390750981786907e-02,1.525882400154892293e+00,1.902051263438207851e+00,1.733767489257542094e+00,2.316080461723645900e+00,1.748388096677968795e+00,1.534788495919338878e-02,1.295843323906384459e+00,2.805839301628217264e+00,1.800137598551443840e+00,2.008033868448431569e+00,2.182766783841216807e+00,1.505751227209755072e+00
1.153056199752426625e-02,1.245738891635100876e-02,9.846583890066646916e-01,1.330136563037378518e-02,1.672229951350259425e+00,6.636991867606307771e-01,1.369794398952323827e-02,1.258221514875705438e+00,2.139083058207210453e+00,5.241223649109213456e-01,3.715116975300131880e-02,9.889368117220695975e-01,1.832439868397316429e+00,1.458259832631870534e+00,1.396981047993788083e+00,-2.211707931928816318e-02,1.725143287171646334e+00,1.512149045889279897e+00,1.481599413519125052e+00,1.362800350748988754e+00,1.173223818884147729e+00,-2.791353486602212927e-02,1.470450993582897325e+00,1.579021413562328169e+00,1.493135034310440812e+00,1.430034528763817425e+00,1.310009583016487289e+00,8.983608024676842385e-01
1.196530544780379998e-02,1.091521319332347528e-02,-1.201141901795425293e-01,1.161520508831350926e-02,9.139926555152652066e-01,9.092883794907429262e-01,1.317271531009421570e-02,6.909303241497051218e-01,8.980607992081508506e-01,1.805640205059194425e+00,1.082325806503338719e-02,5.556543367012664048e-01,7.002494633226598042e-01,1.249883664870708788e+00,1.448201645189084008e+00,1.281577134680798695e-02,1.455491660442993274e+00,5.368157414148243545e-01,9.473714003365684144e-01,1.283315489416672284e+00,1.076835401156510219e+00,1.170293907150462415e-02,1.256596554012491707e+00,1.801236193173586519e+00,1.764498688428802087e+00,2.078941532519799740e+00,1.118922709759379019e+00,7.757185949475432496e-01
1.527277302230167430e-02,1.691023197094992936e-02,9.974282847170155009e-01,1.590825603373333813e-02,1.690708014484501698e+00,1.753340154299924736e+00,1.896566995356180688e-02,1.255119286290744984e+00,1.732116864266400658e+00,1.308536587186648559e+00,1.316235505054866479e-02,9.724615210880033223e-01,1.401408404432337163e+00,1.597234290522341782e+00,1.067602677980006298e+00,1.497447103690261253e-02,1.815818977462935635e+00,1.258429038316811743e+00,1.486581616659825578e+00,2.541698921285508117e+00,9.221272239651094882e-01,1.372107512917112790e-02,1.564988288796694160e+00,1.410040593183023327e+00,1.396740335573287917e+00,1.951481679655328927e+00,2.061372866011207172e+00,7.719260264369969260e-01
2.113364557946328590e-02,1.877845931052866263e-02,4.968815120266938806e-02,1.614385734488892749e-02,3.778752768001932688e-02,5.183195141899606118e-02,1.581766499133911014e-02,3.476322739626445946e-02,4.010596609343883290e-02,5.300182184053127410e-02,1.312905218388236810e-02,3.092206667882150747e-02,3.612160308871981140e-02,4.039284271306159413e-02,5.330817111685338255e-02,1.340694158432278495e-02,2.886344786762206835e-02,3.385289608731995720e-02,3.806593175278237540e-02,4.189292927643756964e-02,5.759483901760852759e-02,1.328339677092551553e-02,2.812697300588341137e-02,3.099050426799888555e-02,3.643672460602362384e-02,3.949219707077668284e-02,5.008000924954555955e-02,6.505342328651449180e-02
1.358773061483604418e-02,9.893235209593686380e-03,2.101935198510125613e-02,8.926267511887674491e-03,2.083988983805989265e-02,4.139675074691424872e-02,9.085421540831284046e-03,1.812782233406097163e-02,3.929750316921792191e-02,4.445875012781536767e-02,9.842841775211077365e-03,1.692030205534591353e-02,3.487291671789590625e-02,4.563174802342882114e-02,4.228527173516134774e-02,1.163418799077444582e-02,1.745765442386378735e-02,3.032839626507893849e-02,4.894645239784625040e-02,3.861332833478883092e-02,5.840143500553412331e-02,1.057025116396960798e-02,1.633893355143745812e-02,3.072495610471121658e-02,4.762495733139793935e-02,4.252152582719823104e-02,5.374841430702552436e-02,5.225653340802400432e-02
1.432050502972551792e-02,9.559211852564862208e-03,1.435980140010797816e-02,1.318630343012607703e-02,2.815565613043073678e-02,1.129582876967047067e+00,1.342937808818169682e-02,2.680134700635855571e-02,6.461851982597197619e-01,1.960179911194668945e+00,1.249374272908136338e-02,2.888871138060077406e-02,1.402408796818353620e+00,2.179890617370108252e+00,1.431618137838569726e+00,1.301388029266429235e-02,2.754826812006491016e-02,1.930758368231936917e+00,2.794540998765066231e+00,1.936241210843254956e+00,1.193992212520130991e+00,1.127863016122400766e-02,2.819884077616957238e-02,1.397256789525005427e+00,3.421524379104368130e+00,3.416053738297490483e+00,1.726533239771211425e+00,2.019994676829894420e+00
1.997808691289922056e-02,2.281805869355823385e-02,9.897581504596503210e-01,1.728933616189618286e-02,6.715934397557362656e-01,6.681363542553213630e-01,1.836299692838151351e-02,1.530095309154012595e+00,5.407849916337524876e-01,4.921752829672710328e-01,1.759570895830350062e-02,2.247515114973641204e+00,1.908409566121377798e+00,5.425247877938039753e-01,3.564044818582147722e-01,2.142765028897328228e-02,1.916071055509633858e+00,1.748779552928635628e+00,1.209237187994413709e+00,1.476701897129070185e+00,2.998380036356751988e-01,2.152111866286942829e-02,2.645157379231166672e+00,2.794726197150187996e+00,2.430044614860158880e+00,1.342731667458539890e+00,1.126134305464094432e+00,2.649185113776030831e-01
1.422033808455085147e-02,1.367748235958599935e-02,4.043218380112904853e-02,1.371500523889845544e-02,3.420761183131496713e-02,5.242188583974616289e-02,1.486143506413485811e-02,3.366851493229697928e-02,3.954939917625040213e-02,5.170793022015309631e-02,1.538730365444217901e-02,3.399968425123745669e-02,3.728007518473451520e-02,4.642969114406014786e-02,5.553061614380018496e-02,1.619160931406832607e-02,3.368157666780528109e-02,3.621566729956461617e-02,4.482460858241322371e-02,4.924470351146756353e-02,6.763254056850329099e-02,1.195652484153391509e-02,3.011817161980132745e-02,3.736197899932332256e-02,3.443323256076099431e-02,4.591867887655318864e-02,4.804483359808157245e-02,5.907707123545249961e-02
1.370075640093834125e-02,1.154298399490871763e-02,2.956582223289977787e-02,1.122846870756441691e-02,2.990900132474837506e-02,4.770061860215735194e-02,1.068459742646860229e-02,2.875815664744330730e-02,3.949530073966673466e-02,3.919714051281777967e-02,7.079625803591903070e-03,1.643562006406039736e-02,2.923652586887389229e-02,3.735287578197574176e-02,4.330783866032417162e-02,8.135067332140288529e-03,1.652748993075576003e-02,2.446621209705214864e-02,3.335388099132850087e-02,3.728908818562343824e-02,4.224907852623382282e-02,8.457505884203152247e-03,1.639501174182821097e-02,2.338254895651546705e-02,3.031344600820207527e-02,3.425426509037662881e-02,4.038191293507364249e-02,4.887775685910093065e-02
1.311785295702570103e-02,1.244102359992761871e-02,1.138794970945533391e+00,1.279546274780646656e-02,1.761736454360199211e+00,7.530100994192032715e-01,1.232621072786219824e-02,2.323184190479719025e+00,1.260132295748945808e+00,5.760571596736182576e-01,1.356572808166798573e-02,2.861512124500273035e+00,2.714958842746378220e+00,9.765895485372014795e-01,4.651886410139270955e-01,1.366342885130486864e-02,3.367587679870002404e+00,3.756445043327742983e+00,1.870973534981132724e+00,7.774144998802113848e-01,1.379514515548031062e+00,1.239595201981969971e-02,2.847364981456486088e+00,3.666977171749334019e+00,3.693017389339623424e+00,2.380461696649740055e+00,7.780035316710526283e-01,1.189346295953215282e+00
1.501130212096920408e-02,1.481122501772842714e-02,9.843167316044411086e-01,1.375674259384004720e-02,1.655975723336698069e+00,5.409627597302322233e-01,1.772914745727285565e-02,1.268255543483339132e+00,1.093940887814528473e+00,4.155955137375423880e-01,-1.280343584296919635e-01,9.760907285624863539e-01,1.153949186110759584e+00,9.797165751427594493e-01,1.351568053734900410e+00,-1.415258165481399488e-01,7.791887768957638238e-01,1.069789422952690305e+00,9.927519054941413845e-01,1.037062913279719334e+00,1.113621593310019531e+00,-1.520549830755657805e-01,7.101264796704448434e-01,9.018566586032535914e-01,9.328363768328832295e-01,1.001702487650300011e+00,1.058676254632850755e+00,1.005098014237093551e+00
1.207446469654246089e-02,1.089221778285709777e-02,9.865832587413617683e-01,1.146402736728378835e-02,6.437152083510491174e-01,1.654226984906418618e+00,9.447839798430165276e-03,4.748742770338879593e-01,1.149711185674359148e+00,1.245742302539534441e+00,-2.182793277060581238e-01,2.295109545546779040e-01,6.348653547774354422e-01,8.478468280793212131e-01,6.312735351227365399e-01,-2.219846562800433520e-01,3.615183914457326675e-01,3.695228203142449375e-01,5.015504761453642990e-01,8.629358450302843098e-01,6.011517275211705202e-01,-2.378473036252274908e-01,2.686889657731596492e-01,3.606450864368536124e-01,4.497559144397555997e-01,6.418583767531498285e-01,7.555372522139413016e-01,5.135120755076233445e-01
1.765125468766652259e-02,1.711235933992308680e-02,1.015331821687746050e+00,1.936992243011584000e-02,6.772489735117227516e-01,6.645302541515384354e-01,1.901190856744961952e-02,4.426519551243943140e-01,1.709244389087104077e+00,1.583737701625923311e+00,1.554272193084917271e-02,3.881674144789823977e-01,2.457866591644496612e+00,2.622435293220839458e+00,1.266099748340390407e+00,1.513265968682180745e-02,3.168053924576671454e-01,1.792713273861747725e+00,2.521004622555239383e+00,2.189690354306184084e+00,1.020409863128540318e+00,1.519937501722407394e-02,2.575679884516646201e-01,1.380789885836966935e+00,2.207823274431718552e+00,2.404308927819654329e+00,1.869788619586105760e+00,8.890237836801313520e-01
1.489362672938231331e-02,1.133908573471347978e-02,-1.100754820066527501e-01,1.633951759752076682e-02,9.168982403751417820e-01,-5.968582763067349639e-02,1.375255201268852506e-02,6.717908428792840336e-01,1.472898430695653182e+00,1.109028268815684504e+00,1.304397400433868204e-02,5.525660343348803849e-01,2.065382707770294868e+00,1.327905071230374601e+00,2.036910762472363245e+00,1.683373912272231182e-02,1.457734349752239034e+00,1.567311514659769145e+00,2.932882931189626063e+00,2.833053619677220247e+00,1.733140971322854718e+00,1.612501341915577313e-02,1.252861333080216744e+00,1.589493570571297809e+00,2.259205200341900532e+00,2.862706098529044674e+00,2.551130767731716542e+00,1.463169269246296533e+00
9.220458179420666645e-03,8.252679839551968488e-03,1.689707181494225566e-02,7.938415134128375822e-03,1.622100428260400684e-02,2.952531995627364486e-02,7.413764119131578505e-03,1.510922511656775588e-02,1.849795750173039224e-02,1.747318280806780394e-02,4.890328566622422803e-03,8.763620984262331104e-03,1.502702904040561539e-02,1.814447732523536902e-02,1.605618154583870680e-02,4.370168049696456815e-03,7.457260900163660035e-03,1.419057133971336586e-02,1.650105554082469811e-02,1.686151416195332681e-02,1.592908020114253143e-02,4.294149127455562306e-03,6.846619315478177405e-03,1.384779285489999567e-02,1.640081926113210603e-02,1.703766875566809641e-02,1.758221316547827276e-02,1.930695377378604388e-02
1.115108315003681717e-02,9.180839883839853402e-03,2.312218566470507219e-02,1.014325534747065501e-02,2.345033335683517628e-02,3.887750249879872583e-02,1.076058586929799429e-02,2.500703463651212863e-02,3.147057176335857354e-02,2.412292564704660719e-02,1.078379043450399151e-02,2.573672206864709502e-02,3.149911521709464896e-02,2.301223289332540028e-02,4.218241474423771453e-02,1.027632163008902061e-02,2.378159575814734264e-02,2.886205158189650288e-02,2.518144614792787103e-02,2.987350151779576135e-02,2.655360736261625637e-02,1.082776435586892128e-02,2.413836233139772525e-02,2.843476717532207598e-02,2.863491444443921549e-02,2.683374441129247889e-02,3.074925711038953985e-02,-9.964228997119761733e-02
1.239834200285810581e-02,1.115004725424942854e-02,9.906073233072119066e-01,1.037801939222347813e-02,6.691701320387023477e-01,1.668786058562473862e+00,9.942937207377960940e-03,4.950273217363975187e-01,1.172295882795836297e+00,1.127390906376452895e+00,1.177335858053839453e-02,1.363687243642931257e+00,1.906393874315432724e+00,2.131507131931653198e+00,1.931792537976498192e+00,9.514230434361158409e-03,2.127126330236644769e+00,1.717448058940240552e+00,3.024291165216707267e+00,3.075876714430581416e+00,2.754320392430280595e+00,1.129042161321411157e-02,1.827839708984847933e+00,1.824403737134979053e+00,2.458900158141462455e+00,3.057461564473724192e+00,2.982974927633522899e+00,2.369422242313698135e+00
9.549560855743866733e-03,8.454206550886474159e-03,1.703566989904041137e-02,9.501328476384147265e-03,2.011878134971000973e-02,2.947789910771119251e-02,5.901528401398577206e-03,1.072753827723131256e-02,1.707670028538610385e-02,2.341392908777198759e-02,5.154286801987532050e-03,8.713328638789182359e-03,1.657710581118027049e-02,2.185125746974308017e-02,2.451110776314274764e-02,4.300502819702087774e-03,7.015501752799070852e-03,1.397816911736389327e-02,1.783909022901940949e-02,2.067977035373336214e-02,2.652578666077658187e-02,3.943019272836407844e-03,5.717619960781929883e-03,1.184110473649101387e-02,1.485537252711785494e-02,1.864430477593408131e-02,2.256026335313997266e-02,2.230428974274589055e-02
2.743805593084457095e-02,2.650552095557551918e-02,1.017811663064389416e+00,2.778091302568256454e-02,1.810514058936409931e+00,5.905851018881280723e-01,2.406506690385977476e-02,1.370730868061772689e+00,1.181242480910815740e+00,4.282607756883942685e-01,2.368671430904153302e-02,1.095123074872939917e+00,1.141816618428725949e+00,8.893297625208961277e-01,2.361053519444328286e-01,2.792643886986704085e-02,2.018546288931668542e+00,1.155035609243308281e+00,9.928161515792923719e-01,5.284109381542533290e-01,2.235801703590946654e-01,2.297320830291163865e-02,1.728811439179064990e+00,1.413707189291838029e+00,1.068389998712719668e+00,1.781494825840953533e+00,1.429871151650013328e+00,1.202944041189540680e+00
1.361486850188396366e-02,1.157453710106890778e-02,2.796300541828915243e-02,1.006678738503774713e-02,2.331511542034647028e-02,3.436665183992734102e-02,9.994228759906713042e-03,2.331546162639770367e-02,3.415975444439398045e-02,5.450171178964351160e-02,1.012702178093384184e-02,2.138786975665771251e-02,3.430841334400419607e-02,4.810771506711094408e-02,4.417705464746111282e-02,1.120713134463620884e-02,2.193242879980601689e-02,2.988371007030525203e-02,4.678720677324765126e-02,4.145371743733664710e-02,4.812088568028715513e-02,1.147602712432529114e-02,2.436163957729800891e-02,2.628414532372153056e-02,3.543447015893048946e-02,2.908765492062697147e-02,6.795943878637111801e-02,7.106464613620258608e-02
1.203988546872074641e-02,1.047330305421888957e-02,2.699121849807657389e-02,1.089245258355021548e-02,2.774957851320002805e-02,4.076761678810129214e-02,1.101624034951681659e-02,2.521761168099395656e-02,4.242330454317708860e-02,5.144594826097539236e-02,1.007853654569111634e-02,2.526626711538161943e-02,4.153373553897243831e-02,5.608852078894211585e-02,4.903676543423270834e-02,7.625639373897540561e-03,1.340485640677202550e-02,2.536023431915831322e-02,2.734233733272341954e-02,3.974393299410801383e-02,4.554960101947042733e-02,8.772045730418544240e-03,1.367701610900565884e-02,2.329228184338179991e-02,2.689289663646753439e-02,3.720382862989710798e-02,4.720979118143277947e-02,6.102815588297839933e-02
7.257510203638644145e-03,7.081002243709638710e-03,1.008742444375775316e+00,6.859813638050634224e-03,6.752839974754670793e-01,1.651560329185498333e+00,6.669015166192078688e-03,1.510459750563729608e+00,2.163552755409352546e+00,2.364138089979856083e+00,7.590734664486620265e-03,1.209051199440187574e+00,1.901800190980474703e+00,2.242988074707467305e+00,1.891813978477714375e+00,6.915008418164978604e-03,1.036187963027916936e+00,2.670094606898110623e+00,3.084600815537742680e+00,2.116449511774330716e+00,1.572488330044061300e+00,5.670887275403337612e-03,8.949503554243529724e-01,2.195456305557169863e+00,2.906673195735767656e+00,2.667520546132846171e+00,3.078537412272704721e+00,1.367617545632591858e+00
1.395174536136104156e-02,9.527844612352735082e-03,3.042877333727645600e-02,8.833795887301333291e-03,2.782482903162007692e-02,4.611637557127301612e-02,8.487782627840754351e-03,2.134309783427539714e-02,3.384618883922090038e-02,4.571660740770484149e-02,6.606475117946375430e-03,1.801551820297780937e-02,2.729893371365207932e-02,3.388428311696001227e-02,4.426457697498385052e-02,4.488367481159294750e-03,1.556293395315524672e-02,2.859688468728509639e-02,3.179896394366412554e-02,3.521525366107602223e-02,4.485084391473320720e-02,5.172243626815983646e-03,1.541866406884222218e-02,2.773564402410030189e-02,3.150057968605889797e-02,3.295912504506321589e-02,3.449632067199912694e-02,5.361386764387713472e-02
1.096280854053368475e-02,1.118389580847234215e-02,9.889277746674203229e-01,1.221364033849648041e-02,6.732408622330978698e-01,6.575120287680272790e-01,2.424625280919859641e-02,5.277606228872268046e-01,6.610306716234587432e-01,4.781733709412471778e-01,3.946207296445030099e-01,4.374389633096570917e-01,5.906504224802884284e-01,5.830641842198767133e-01,1.386375799963175837e+00,4.000962672630726802e-01,4.335734676955261824e-01,1.537192867774708871e+00,5.848851860604903363e-01,8.582250127311380483e-01,2.153508354434798822e+00,4.251692477947750515e-01,1.407276163017069148e+00,2.223332628095599173e+00,9.958799843169321431e-01,6.985468893907054166e-01,1.224465443851115110e+00,2.839888387254393631e+00
2.844328402687927929e-02,2.396707219392179775e-02,1.000851822383177492e+00,2.664317516935479913e-02,6.744101264669415396e-01,5.322899366823403700e-01,2.559018587715417362e-02,4.490251523922926258e-01,5.378021582791951971e-01,1.428405483872468684e+00,2.356283986749732259e-02,1.365826091622701632e+00,1.498784661235675886e+00,9.240333806832371488e-01,1.101581964299215954e+00,2.400991090227207886e-02,1.161027762570052468e+00,1.430429606737774417e+00,1.227008546809936762e+00,1.972612927812016359e+00,9.339076963753418781e-01,2.482901915265831733e-02,9.895229038691580881e-01,2.318861248248056395e+00,2.306689391060386285e+00,2.514570971868148597e+00,2.683947640478332453e+00,8.629658760388260186e-01
1.238631807371204721e-02,1.168524519043878836e-02,1.124568515586829909e+00,1.551651052334340405e-02,7.459732152073523803e-01,7.243656155389665008e-01,1.062817494700242331e-02,1.807086229734754967e+00,7.395925140492966010e-01,1.536527571539761272e+00,9.163079063472788846e-03,1.455608761586004052e+00,1.170329484167571543e+00,9.312976482440841197e-01,1.227573109569522147e+00,8.341215660195747811e-03,1.225726813649280711e+00,1.250293363718717909e+00,1.051742724916525207e+00,1.035029588294144265e+00,2.019118747127529812e+00,9.329065086785298666e-03,2.048987442028371131e+00,1.195895408295121420e+00,1.157498320214348730e+00,1.032005128696495300e+00,2.562016170600343923e+00,2.735062709647013257e+00
1.194685313298599234e-02,1.163566687910363821e-02,9.882151792414484159e-01,1.158868857637030021e-02,1.646681952477090150e+00,6.517361747784103931e-01,1.160487016684785128e-02,9.840708342998020219e-01,2.152851436562478682e+00,4.744017746822626891e-01,1.212850958630432019e-02,1.781729167375534661e+00,2.699502566715705765e+00,2.616103243984271742e+00,3.836197019115106244e-01,1.154386495705166105e-02,2.477700318297265891e+00,2.396974640621776231e+00,2.658746437307398569e+00,1.894351546060442759e+00,3.101882469923260000e-01,1.527990000219094958e-02,2.107598618462220852e+00,2.414062897108091299e+00,2.486280878255898497e+00,2.315101069717355742e+00,2.455539707241394254e+00,1.244016062360747910e+00
1.546357771748708976e-02,1.518846428603512662e-02,9.757691791892375566e-01,1.518828202461358808e-02,1.690417369280196258e+00,6.407682201912672237e-01,1.583123894233313261e-02,2.230870341183798011e+00,1.202922454404618868e+00,1.484300748552513705e+00,1.481214679399790041e-02,1.540554746217172255e+00,1.326228851344694037e+00,1.327383784361824359e+00,2.171748732655862657e+00,1.346238274667161706e-02,1.295854699864201764e+00,1.385329096454440689e+00,1.320400478304301073e+00,1.616578564963611298e+00,2.947481069746674898e+00,1.809572100515407719e-02,1.122575969653283323e+00,1.349958709821218905e+00,1.348940348679020351e+00,1.444468119996727751e+00,2.012012168702547843e+00,2.381500867961748202e+00
1.027211366117361177e-02,9.821871954742853600e-03,1.022147725102524607e+00,1.007145336844975959e-02,1.767520992061355489e+00,6.726289379917127498e-01,1.137324129261945739e-02,2.325914641119405157e+00,2.192041996806537441e+00,1.510830989898018339e+00,9.477091824806622294e-03,1.848176958262031766e+00,1.993173541737929932e+00,2.923204368875903736e+00,1.201045082564924149e+00,9.483146187646540257e-03,2.537259252837663848e+00,2.939658144951360352e+00,3.454577901542831508e+00,3.355708210082435805e+00,2.007170461691878849e+00,1.220726495170069113e-02,3.439073348423999921e+00,3.832498334177689703e+00,2.982826197820589442e+00,4.424881801429204842e+00,4.204241290775615703e+00,1.702261187838237877e+00
1.726780329311911055e-02,1.425835886832039004e-02,3.417180071279847520e-02,1.365554087250778204e-02,3.193165330331183827e-02,5.452105962318468807e-02,1.113718937723097782e-02,2.456168557680938475e-02,3.259046011447665897e-02,3.698534721217739546e-02,1.304749015923397162e-02,2.545463275097521738e-02,2.887259442572776003e-02,3.276659543314091455e-02,3.997505091707433122e-02,1.298015275517953003e-02,2.666718994661762543e-02,2.823853335333447942e-02,2.984664657999318987e-02,3.868196887887358909e-02,3.523907761042615466e-02,1.345949177827758525e-02,2.775697276888652518e-02,2.855310487072415179e-02,2.744810444390319293e-02,3.651591481502106801e-02,4.061050864918158698e-02,4.098856470608585462e-02
1.084753368718854166e-02,1.148467038040127709e-02,1.007265121259900420e+00,1.101660632248550181e-02,6.727781655715914244e-01,5.273794391644192059e-01,1.061526847555554001e-02,5.155202563381527936e-01,1.596875583210112026e+00,3.792897183043243414e-01,9.380746470300483156e-03,3.650690931259497063e-01,1.174292229468735682e+00,1.124750691485589815e+00,3.174953420770847412e-01,9.625628517260238770e-03,3.124075405852448362e-01,8.947357340304794571e-01,1.170279828107299247e+00,8.352066445593091526e-01,1.275654954595345725e+00,9.081722492442607930e-03,2.680058623905869353e-01,7.314365997838624400e-01,1.050595605661962972e+00,1.019391178127326381e+00,1.955800171354794559e+00,1.087919289721964056e+00
1.267270948991254878e-02,1.047595923093984881e-02,2.702226356865548504e-02,9.171639370291069168e-03,2.472259451914431486e-02,3.836716347426227802e-02,5.429892726352423052e-03,1.237023202642019253e-02,2.566512450734243292e-02,3.541539752265513569e-02,5.376116933664625008e-03,1.088495044322728041e-02,2.255330837509112937e-02,3.280408528505255467e-02,4.252928077142120039e-02,6.622621955895633891e-03,1.243975282188507399e-02,2.323357700544502816e-02,2.817460615568379706e-02,3.910298021633672183e-02,4.268186900343277912e-02,7.699418952802165698e-03,1.519884116712754557e-02,1.768394650596793322e-02,2.457752881870206227e-02,3.039636285382352893e-02,4.019306029902142141e-02,4.808370457138109316e-02
1.882703183748360085e-02,2.135442861061423794e-02,1.022794193385267114e+00,1.658902871404372564e-02,6.502387174364445688e-01,7.015709744514625479e-01,2.166416393583888225e-02,4.796191113883369606e-01,5.485506511134758956e-01,5.442175409282833387e-01,2.169825917290831713e-02,1.386075878699528419e+00,1.639950772995895534e+00,5.683282123281194753e-01,3.040904570803533713e-01,1.701033711492134365e-02,1.163172696800844230e+00,2.544285502699656920e+00,2.105587760641111306e+00,1.483184761639614768e+00,1.377927567107149365e+00,1.667769139492528141e-02,1.013892600492236840e+00,2.150085133691623795e+00,2.294985306570950456e+00,1.844088370871472815e+00,1.452104990077783375e+00,1.155263247559890960e+00
9.335284322844141294e-03,9.832045984365654287e-03,1.006717122820253829e+00,1.013517028227188359e-02,1.669465357176753484e+00,5.377809153913976070e-01,9.956623843313179220e-03,2.262005917472718952e+00,1.124491060026017397e+00,4.174458344540479260e-01,1.076638039569493069e-02,1.861533149526008124e+00,1.297888185929029436e+00,9.194071886133731164e-01,1.492537871319257636e+00,8.652174630051138321e-03,1.555567784607186477e+00,1.482059033816367943e+00,2.123644108353073712e+00,2.099460546335064848e+00,1.242371032254462104e+00,1.719413606078138215e-02,1.322150335191285331e+00,1.504553124427300936e+00,1.845613656931903934e+00,3.117503012513745730e+00,2.914035474976582218e+00,2.080749471113197746e+00
1.684882949168180905e-02,1.587080330349500620e-02,1.020786656014119664e+00,1.640482376068914602e-02,7.361588809049887105e-01,1.797838678355164088e+00,1.351625332046590619e-02,5.568539508422432061e-01,2.287940606828538392e+00,2.367280059746136089e+00,1.041155980394839822e-02,4.407848084787986953e-01,1.592542143552217349e+00,2.310043367919768720e+00,2.866741807801660435e+00,2.553913424589210890e-01,3.194429200046514650e-01,1.195148791525498799e+00,1.958971468531222948e+00,2.496346253210320665e+00,2.398799319795309692e+00,1.803750010358363687e-01,2.029389891655217770e-01,8.256043027667436807e-01,1.504357649916765682e+00,1.881618021330753843e+00,2.187210963538389397e+00,2.020787371043016645e+00
9.939734148972539582e-03,1.114257011876037748e-02,1.006311456005685168e+00,9.368289955987195786e-03,1.667132596670403588e+00,5.498812351987525382e-01,9.946275012853786693e-03,1.256338851337004403e+00,2.113120677987410101e+00,1.408744176008337678e+00,9.279358775241801013e-03,1.006798834640644458e+00,1.774404120225424375e+00,1.856996132191569338e+00,1.021845150657508361e+00,1.253588903997728161e-02,8.463156706815558872e-01,1.531304398569533820e+00,1.818199326195743204e+00,1.592613170658696120e+00,7.528678287866891194e-01,1.037628881037864874e-02,1.756635364588499559e+00,1.320948249210938341e+00,1.679018556245270188e+00,2.727915257209857725e+00,1.102528867041951965e+00,1.659948708232765080e+00
1.311655356184572574e-02,1.274037876254976477e-02,3.658693115735504181e-02,1.216997181666421013e-02,3.405645569142783796e-02,6.127777989141980353e-02,1.197083475097016070e-02,3.018376335746244046e-02,3.703396212039765378e-02,4.269195311277219212e-02,1.151073053124120060e-02,2.814282029940313665e-02,3.451120765595364070e-02,3.478941524370649657e-02,4.889110571197583660e-02,1.124671921768884836e-02,2.758397769738527017e-02,3.239526713606495634e-02,3.347676811798917101e-02,3.940192396084959969e-02,3.702199247787318903e-02,1.198506620198547604e-02,2.879238798527391022e-02,3.319798362326000646e-02,3.494268227191167642e-02,4.009987801163557991e-02,3.931595272117473922e-02,4.560997692736016434e-02
1.691086500713601809e-02,1.679462212500457477e-02,1.003635301317116424e+00,1.534179019251180609e-02,6.550089343335345760e-01,5.423649099526947071e-01,1.431745882356843559e-02,1.494176116967904422e+00,6.374993130601497304e-01,4.505901305379302890e-01,1.747017080663721203e-02,2.166310243501537336e+00,1.940009585358070776e+00,6.149736511197994027e-01,1.383865605281817457e+00,1.618664285507068895e-02,2.778479389811499001e+00,3.010908515679248332e+00,2.290208406899512550e+00,1.887727393564642364e+00,1.161771882716325921e+00,1.880096158054354871e-02,3.402601706183647767e+00,2.912882472366949305e+00,2.364530486101608098e+00,2.142639194607857789e+00,1.689586576177191768e+00,1.978822463047470004e+00
2.413978934811829291e-02,2.329177628596659083e-02,1.000556730319831278e+00,2.288396567848829596e-02,5.775216618374557909e-01,6.566080111919422313e-01,2.383540619048917647e-02,4.272439414180275730e-01,1.648539844207710825e+00,1.597187948054631601e+00,2.412344826326040526e-02,3.504917015020659887e-01,1.145995632253230978e+00,1.647991874634529896e+00,1.270900745989571368e+00,2.255055926188043874e-02,2.986410218420507690e-01,1.892674877649095588e+00,2.382604506674578460e+00,2.529553187389014912e+00,1.067416335328351229e+00,2.309658958021192435e-02,2.285681806985613296e-01,1.477667726870038667e+00,3.125485599841650863e+00,2.463555575166444189e+00,2.162689603564343699e+00,2.070294801695750309e+00
1.475992500992603582e-02,1.574443771760647426e-02,1.016351075983248586e+00,1.511472140956403656e-02,6.887776683070493400e-01,1.631327512243182065e+00,1.401047756582996483e-02,5.251242308361243616e-01,2.161599476816499887e+00,1.213880836133398144e+00,-6.786253735638196616e-02,3.062402366444318402e-01,1.645928819915815078e+00,2.053424820352847124e+00,9.552170363178426049e-01,-8.052696482154550472e-02,8.918461811524192040e-02,1.029763837422466910e+00,2.141898185030826518e+00,1.998192834474698198e+00,1.047390436009279613e+00,9.204926979862710912e-01,6.210210434172661748e-02,7.612109757305867141e-01,1.655973853588075251e+00,2.095002117170508882e+00,1.713756297888081592e+00,9.038805649325888369e-01
1.354050038649648284e-02,1.330213816754707672e-02,1.158032877533724081e+00,1.180227924481750887e-02,1.774109314182682695e+00,7.771944941098060111e-01,1.333708020850063979e-02,1.341073480040104071e+00,2.235718851857159351e+00,5.904313730044314923e-01,1.350262637865667914e-02,9.662630162782566146e-01,1.744318517696891835e+00,1.569903402618319843e+00,3.432745927186212631e-01,1.229213825947863062e-02,8.242163392163321944e-01,1.475308493281106914e+00,1.659445042213101296e+00,1.159731138086470770e+00,1.270803647142509929e+00,1.335717427450109317e-02,1.723087269128023458e+00,2.284905083363506950e+00,1.580930425771509107e+00,1.434250224657155792e+00,2.206890714847692614e+00,2.198746233607059342e+00
1.323448680094542300e-02,1.338902075198876787e-02,9.957620579586947684e-01,1.300210830087043454e-02,6.648364452474231356e-01,5.370394008355179327e-01,1.058672999943372633e-02,5.084342466874738342e-01,5.974397858240654280e-01,1.412450963114429969e+00,1.409744892198704774e-02,4.084265439205420067e-01,5.843491337194787194e-01,8.901216189730655204e-01,2.260565201097120003e+00,1.567989441507085246e-02,1.342446257631542572e+00,5.325980002182869599e-01,7.058401367511114577e-01,1.345680627192906265e+00,3.004676238315860282e+00,7.739836459140838135e-03,1.160620250943272591e+00,7.600667752695423607e-01,6.094720342338953989e-01,9.807232826427998429e-01,1.820551152150155172e+00,2.496310443821084579e+00
1.935042954723326450e-02,1.827081259384002315e-02,1.147648318848691673e+00,1.680713276525176714e-02,7.336845633493995766e-01,1.826843413568243868e+00,1.450196398477542753e-02,5.988623437144890982e-01,1.250674486137162811e+00,2.469234911338265004e+00,1.628979667446361218e-02,4.687224470609112625e-01,1.000765100634841032e+00,1.748481505142579051e+00,2.948334796902847277e+00,1.665772867607282978e-02,1.408016537760142128e+00,8.603541602048888626e-01,1.389784503155878648e+00,2.104675835049479193e+00,2.454741056455782111e+00,1.879599448671318007e-02,1.215211284535989700e+00,1.049277326396552468e+00,1.153894806735603407e+00,1.661450508087551015e+00,2.022683824549601272e+00,3.120618397205568773e+00
2.638872694102343749e-02,2.360939198277295370e-02,5.165122136448909579e-02,2.233765027922646196e-02,4.946925559243657566e-02,5.804537110423786672e-02,2.006380183389418204e-02,4.478488115847051310e-02,5.541452418191401830e-02,6.007842640919672933e-02,1.811161296792077394e-02,3.976579842636423362e-02,5.002214819123042278e-02,5.914620157807782413e-02,6.495674505456992820e-02,1.871432438589492112e-02,3.857532404966095702e-02,4.656576832518430353e-02,5.613757557118149999e-02,6.759347567170187476e-02,7.037974654507114791e-02,1.281250829042494821e-02,3.155844684216806140e-02,4.171817757530717902e-02,4.966690825175601454e-02,6.064599702327475028e-02,7.143180712176419589e-02,7.173740831140504315e-02
2.891325354053597002e-02,2.880272461815096968e-02,1.009583025942597079e+00,2.472998792318010369e-02,6.734241286046926955e-01,1.875481981452844948e+00,3.078172613361481944e-02,1.766019180439897474e+00,1.291155001501944621e+00,2.393456585846562845e+00,2.767019896194171033e-02,2.395663591822581484e+00,1.467331559856930756e+00,1.765393198498878657e+00,1.764352560218952037e+00,2.706511547827232869e-02,3.256159540036122291e+00,2.775403639941094625e+00,1.438359473821749779e+00,3.048966137349915506e+00,1.263762918001883007e+00,2.699604609384795642e-02,3.784459912119679803e+00,2.862842542318555505e+00,2.002316994583963616e+00,2.196514963014137400e+00,2.556797586617483020e+00,1.084937583191959876e+00
1.293186135305156650e-02,1.082963928735329942e-02,2.964985798456423738e-02,1.271030166506509178e-02,2.876215560785189140e-02,4.201819106535335108e-02,1.214827963051781645e-02,2.970710238944315740e-02,3.488000249287883520e-02,3.067039866522035599e-02,1.279473815600402561e-02,3.119397131202806747e-02,3.079187238224607645e-02,3.530362797324992225e-02,1.023109259074509447e+00,1.503424443250730644e-02,2.920037942418360691e-02,3.318423325740954555e-02,4.254943745221709955e-02,2.394594685135161272e-01,8.568589253460076050e-01,1.200318788597910281e-02,2.974150199195493838e-02,3.213932720748586408e-02,3.087940188341746495e-02,4.797875536249088246e-02,3.954209560625637221e-01,7.373185166603428708e-01
1.088194299183948936e-02,9.000462538973415250e-03,2.199725138180498238e-02,8.621022915479144635e-03,2.176524806193952388e-02,3.339419364234167548e-02,6.012804341174297212e-03,1.270363696843831817e-02,2.210007562847170551e-02,2.797056536595913037e-02,5.200079371944924325e-03,1.183181590946489649e-02,2.157154735830030604e-02,2.614074622621669064e-02,3.214595690437644510e-02,6.014406599598775931e-03,1.206052196126223414e-02,2.052841063357147000e-02,2.427777303956722352e-02,2.991616710673621754e-02,4.235771837843110843e-02,5.701662184716568132e-03,1.125670687805931103e-02,2.142325495319922016e-02,2.397270693654456053e-02,2.856980067835282466e-02,3.463627516647356519e-02,3.155000299917246065e-02
1.649047927831487695e-02,1.581621577106771814e-02,-1.209683702573539216e-01,1.495834437705073801e-02,9.022204632022043924e-01,-2.027031173021309751e-01,1.506032459692842329e-02,5.688034179222143383e-01,3.332051960569420435e-01,-2.920918893783954751e-01,1.516280681538127208e-02,4.606813759595702051e-01,4.349794464083427403e-01,1.049745724173253514e+00,-3.804355798285919410e-01,1.508449300723409964e-02,3.867059391959560277e-01,1.870529144914177544e-01,7.583675307348103356e-01,1.832209888000551068e+00,6.914293648868024000e-01,1.808935570785712502e-02,1.328019039482096986e+00,2.723352057146127270e-01,5.132310538044180248e-01,9.253562401019156392e-01,1.495262008791487185e+00,1.617074468219613426e+00
2.448843762207182639e-02,2.267814506871728211e-02,1.037040559157938580e+00,2.319179825812229742e-02,6.896598478421673839e-01,5.360799458659969430e-01,2.249647726834207162e-02,5.494297878974283567e-01,4.817972966209654317e-01,4.444407195785511910e-01,2.435991181317636103e-02,1.479465613252815670e+00,1.493269795466783290e+00,3.203658442148126229e-01,3.627828021439224448e-01,2.769924145848844804e-02,1.264433009639480909e+00,1.195569215693372156e+00,9.220928866312924077e-01,3.568411067760098310e-01,1.251399230705545929e+00,2.213702224496930104e-02,1.053214035242755475e+00,2.211257436083559291e+00,2.069492580888368405e+00,4.078064714143402880e-01,5.897930961821360452e-01,1.965389986726140847e+00
1.114841612267241690e-02,9.627329098735993781e-03,2.520012662186206856e-02,9.676917463588570467e-03,2.527423652251381547e-02,4.111922102918495053e-02,1.012489541777644372e-02,2.518920995079930100e-02,3.176721163687123289e-02,2.954002291482353895e-02,1.160225034491900627e-02,2.701399647820779473e-02,3.067977259836203452e-02,3.173183928264592529e-02,3.740607670810994906e-02,1.228834184208785901e-02,2.660417620215914727e-02,2.938587590032114283e-02,2.996754636479212475e-02,3.739608614022419536e-02,5.403223823138904314e-02,1.267415440643219170e-02,2.708561762089028990e-02,2.747086867205552133e-02,2.988456469081646541e-02,3.849916012594275377e-02,4.805186949375950256e-02,3.236167336858501026e-02
8.946619660061319243e-03,7.664480983953219674e-03,1.510349099570526023e-02,5.371461233319436805e-03,8.739892077299219950e-03,1.518404845581888471e-02,4.600435343807642886e-03,6.823325391517211756e-03,1.431514350601674306e-02,1.729176209470395520e-02,4.290291162964449991e-03,6.655828553181946348e-03,1.415400041097291881e-02,1.736993796865410333e-02,1.796359811635962755e-02,4.275694700249763579e-03,5.741810412128975014e-03,1.329799944332119878e-02,1.634527875170403016e-02,1.716481045450407930e-02,1.734553929572320644e-02,4.301610798678631026e-03,5.401971233149021993e-03,1.261430974745763635e-02,1.538530038828497294e-02,1.719789798648055368e-02,1.771126100374477083e-02,1.914726677935265145e-02
1.370477222164725832e-02,1.332253395994551295e-02,9.977935496928871384e-01,1.319315529943041951e-02,6.850581521960891207e-01,1.803240811551633183e+00,1.333887049117332864e-02,5.179196805926179481e-01,1.243016970785863373e+00,1.346421834065670620e+00,1.601534011055773254e-02,4.344216584312952101e-01,9.440673717710744706e-01,1.294335782611168550e+00,1.061035486814393414e+00,1.693040884702672402e-02,4.419112803200947459e-01,5.191234659233282533e-01,2.151288852744106972e+00,1.180218938068410051e+00,9.434769568674478135e-01,-1.413563142186829861e-03,3.841211706203973564e-01,4.971664285913266479e-01,1.444200846152091433e+00,1.754169526386882394e+00,1.119383889726973447e+00,7.988600317632148506e-01
1.020233098497913375e-02,1.153054015890462268e-02,1.121092932179310164e+00,9.912724370849770525e-03,1.747473777548011364e+00,7.431295577461627389e-01,1.112077723203686898e-02,2.453132498793225036e+00,1.114288811927752976e+00,4.323244286136552206e-01,1.008823306285143613e-02,1.962971481080009184e+00,1.653855012953467485e+00,1.845652392066652103e+00,3.402331557616276037e-01,9.077359273918418348e-01,1.709873468343878322e+00,1.753059921881626071e+00,1.709960369589617946e+00,1.312214832872839576e+00,2.936143219039744068e-01,7.788760685400829553e-01,1.576654822133764622e+00,1.595727513857822188e+00,1.758100461167355189e+00,1.872102897617281325e+00,1.980836738801898145e+00,2.902772181248651773e-01
1.214294459812889984e-02,9.858631995176479063e-03,2.055069378717879966e-02,9.284471858614421619e-03,1.957287391551420716e-02,2.487575090748600157e-02,8.883963191074838173e-03,1.803028705964965228e-02,2.255599271300367387e-02,2.151526352537773065e-02,8.588157632165995675e-03,1.684554527753481801e-02,2.137274347744648473e-02,2.093164550159836573e-02,2.332327167363796444e-02,5.777595107484257558e-03,1.099845961243712915e-02,1.819667115006975977e-02,2.045021917752661705e-02,2.340897440826949019e-02,2.113013535726479195e-02,4.944913801260200983e-03,8.720140560939542568e-03,1.623940043495235297e-02,1.912383027019477072e-02,2.175762917309383496e-02,2.193076798976699437e-02,2.323853748313496961e-02
3.224853959650657992e-02,3.191688002722609802e-02,1.150575410788141406e+00,3.514255300449835306e-02,6.502648997152236099e-01,7.516747024175840508e-01,3.463766738938866413e-02,4.644617670013877486e-01,7.784636917470506567e-01,5.183071277436936963e-01,-2.950661263464228988e-03,3.968854986770135040e-01,1.663919757249231690e+00,6.878068423838054057e-01,1.578494043572514993e+00,1.029329307030217439e-01,8.586117833516898612e-02,2.199624812801323603e+00,1.024953181587043849e+00,7.885806446666792091e-01,1.306671879683590554e+00,1.123751598749600511e+00,7.951597215096516125e-02,1.579904256878377211e+00,1.550928572101569314e+00,9.331648996106484129e-01,9.334115447050951309e-01,1.115803083626307091e+00
1.369940812881340411e-02,1.413096069382116515e-02,1.127969343072373176e+00,1.310780886597101916e-02,7.804773983415017602e-01,6.422215331184152332e-01,1.636703325376395388e-02,5.870672740018824109e-01,5.622226913793872960e-01,5.006066966048174915e-01,2.691216775673235806e-02,4.725377111849315415e-01,5.678979157803576427e-01,5.222865818783368752e-01,4.098502008039021094e-01,-2.973316812028378373e-02,4.219583835618729295e-01,5.474402064610673913e-01,5.928589728773236978e-01,5.317329118584542824e-01,3.278621328433897197e-01,-2.536185040525037321e-02,3.567493943181542226e-01,5.130482564757331554e-01,5.883326138543225614e-01,1.577153201133689508e+00,4.718544705023308139e-01,1.278383751817282921e+00
1.090174209079637462e-02,7.974137447986575852e-03,1.812780901086351315e-02,7.058483784566933067e-03,1.880441240579420678e-02,1.020788462347774761e+00,4.598158814642343793e-03,1.317560610142788288e-02,5.297380254580036363e-01,7.591997652487380011e-01,6.327831538513260801e-03,1.690294131139991746e-02,3.126636901223393550e-01,6.187496412341487728e-01,6.048826518010123054e-01,6.382363737287747620e-03,1.627467068030388070e-02,1.192184516260432314e+00,1.475646298229950082e+00,1.623431402701152493e+00,5.103518129572567341e-01,6.328648759870806120e-03,1.629061005060286615e-02,2.101515646413923744e+00,1.121866807128454768e+00,2.535919972221635899e+00,1.307544812074302065e+00,4.324783810582954469e-01
1.782524569039426604e-02,1.667030427075073817e-02,1.160081552832832763e+00,1.823186968270582714e-02,1.784548306361311454e+00,7.768711602341764610e-01,1.945748807866667929e-02,1.356872890471285231e+00,2.273520715496215594e+00,4.587555546201150802e-01,1.142365735247538247e-02,1.076175760089428834e+00,3.019843054808994509e+00,1.397601085428475498e+00,3.335012701389062917e-01,1.015607895786584614e+00,1.890857048388763895e+00,2.361152776991093383e+00,2.230228598108745963e+00,8.835187724997730641e-01,3.160417644317433661e-01,2.014170500670683150e+00,1.778144747920145541e+00,2.218769008941859688e+00,2.275110287621859850e+00,1.647605880407730705e+00,7.181353965221398683e-01,2.980304906155724631e-01
1.258779820679835348e-02,1.209682994533932236e-02,1.010470429602887688e+00,1.303898812264124574e-02,1.686073750390694626e+00,6.684975581858561000e-01,1.355296164952115093e-02,2.274546616604961713e+00,1.185653042451598305e+00,5.092743391405354370e-01,1.168849486899966629e-02,2.804798640003662413e+00,1.640671031950071246e+00,9.123540094937031553e-01,4.148329708364386637e-01,1.277684629764572026e-02,2.349138955534177065e+00,2.035448319074708579e+00,1.283135798488954427e+00,7.318899629998275591e-01,3.411742450738843302e-01,1.249591739721491596e-02,2.013920843541401773e+00,2.155505720611446741e+00,2.589918448683123930e+00,1.045593471366893512e+00,6.305887150320212964e-01,1.370662966467085742e+00
9.768976848590309528e-03,7.807629907372628381e-03,2.002400141293941144e-02,7.939233587994946537e-03,2.173125664799006179e-02,1.013390297857527766e+00,6.489061425761681948e-03,1.846383340538363532e-02,1.505967762625471718e+00,7.746250192115841093e-01,5.356308989442995147e-03,1.344896622260486653e-02,2.035962702818262748e+00,1.085115935473952797e+00,6.226418294171324197e-01,7.441377468422134302e-03,1.921963450670742188e-02,1.359984494954824319e+00,1.554205190037751816e+00,9.393452741241796744e-01,1.526894827326772397e+00,7.173995770494570774e-03,2.015051732867234602e-02,2.224420128576506173e+00,1.463232388041674881e+00,2.269598108411841064e+00,2.103984231876696587e+00,2.299418387188372215e+00
1.188837937201391894e-02,1.055719860878502614e-02,2.860515235944597820e-02,1.208381444401384654e-02,2.614478060126316714e-02,3.581982396925327550e-02,1.077172402391135021e-02,2.590024491648349608e-02,2.976837574287000479e-02,2.795708367866351837e-02,1.115547491622047825e-02,2.647110245101861811e-02,2.967119454713027307e-02,3.038326122407018076e-02,1.002568824249063351e+00,1.147939685795532419e-02,2.544530567636043086e-02,2.888815036621726964e-02,3.461371225779601157e-02,3.586553155343812360e-01,1.959156125123106440e+00,1.151954519152544910e-02,2.539606364013757139e-02,2.838582776768123345e-02,3.187654866315107333e-02,1.778417025024440767e-01,6.765343888040441511e-01,1.656783986823697541e+00
1.491206049989794204e-02,1.311241773143274891e-02,2.916506126843902702e-02,1.168437367807216402e-02,2.679619662826216234e-02,3.503126127763658837e-02,7.119728706038771365e-03,1.536708128137112030e-02,2.706087669636805457e-02,3.422870367877977466e-02,6.156716216053782949e-03,1.368248839479429928e-02,2.549868843626506426e-02,3.287390435175672337e-02,4.077620563591295016e-02,7.828925364054922093e-03,1.389026108500902162e-02,2.462648417219855806e-02,3.024447186546645738e-02,3.777206567081733968e-02,4.101987367544168012e-02,8.052458270839281743e-03,1.427066964852473710e-02,2.313819792020034571e-02,2.929977352202905311e-02,3.380952358954434495e-02,3.725241502719465331e-02,3.698760989012033623e-02
1.643467108966170306e-02,1.598319652725555678e-02,9.999852960756903109e-01,1.629079867058627618e-02,6.793062434694209228e-01,1.659282891322537257e+00,1.616417171150559898e-02,1.488432503701622167e+00,1.202226074174764348e+00,1.235848390277476838e+00,1.527349967096859606e-02,2.196317547585552532e+00,2.360671651885573485e+00,9.267719622882121255e-01,2.035474490493442090e+00,1.605194602551885882e-02,1.833711288596034938e+00,2.297849598033496754e+00,1.651306541326008404e+00,1.080560870847089738e+00,2.948234586904142862e+00,1.535944849466919747e-02,2.584893627107454961e+00,3.171196534354454144e+00,1.920052707814712489e+00,1.393852230708632955e+00,1.649158523279404154e+00,3.549653596253623089e+00
8.895462220612580101e-03,8.447127238905527760e-03,1.827291343242674893e-02,8.300815046510756634e-03,1.944109125994962842e-02,3.946212538414658327e-02,7.544503817217257553e-03,1.630941870963942622e-02,2.201164606343755312e-02,1.031896480875279298e+00,4.104775930797494379e-03,8.202639754689771898e-03,1.749424380758301048e-02,1.772065016503518720e-01,1.827127890237276286e+00,3.882479545009919451e-03,7.831053753415424812e-03,1.702912744905496142e-02,1.092017692982416355e+00,7.264812709938963664e-01,1.518633510488138549e+00,4.609038588791252930e-03,5.283674556355667622e-03,1.717840061082522712e-02,6.460893398604825588e-01,1.916128041209882671e+00,8.325712632052501005e-01,1.295055228347651965e+00
1.049422321153813120e-02,7.928003523146244513e-03,1.706653609817574552e-02,5.297890078893197074e-03,1.079316366121931513e-02,-1.289793114698666865e-01,6.456265726203887050e-03,1.168898044048287919e-02,9.725488560122141912e-01,-1.106554850627101821e-01,7.202502864051444492e-03,1.582930452521418355e-02,1.585525368777742639e+00,5.450882875351446000e-01,1.034628515309337971e+00,6.652262347142746772e-03,1.726068613107046776e-02,2.063449851339389074e+00,2.064138108543068562e+00,7.126928674790767859e-01,1.985390240485260138e+00,7.019072452486333456e-03,1.898537258446289858e-02,2.491769147884694391e+00,2.036887388408108457e+00,1.229778374178299272e+00,2.087411316768221337e+00,2.707152441161402745e+00
1.371423569112771752e-02,9.850760103676423421e-03,3.349483572622539290e-02,4.234944514772758309e-03,1.752124039853271767e-02,4.157751798924810838e-02,1.400381571453306398e-02,2.963162489649446077e-02,3.233451788618063594e-02,4.104345374314657957e-02,1.358876875730454133e-02,3.041429679553839249e-02,3.175670261655944709e-02,3.340062409228319179e-02,5.289761645866871559e-02,1.173765509290085850e-02,2.960275220960107909e-02,3.126184886309923971e-02,3.061991347649469994e-02,3.706539892762864691e-02,4.670663129810948694e-02,1.105651043903661639e-02,2.891915934449146991e-02,3.226300387373789297e-02,3.177565571203839340e-02,3.681246310025979712e-02,3.962997179324020264e-02,5.436562654578698528e-02
1.947405852841831500e-02,1.597699570487362553e-02,4.429627617583616755e-02,1.258738773177743055e-02,3.179707965410269455e-02,4.909966538328963681e-02,1.600761510627988354e-02,4.595010484700026709e-02,5.378489740774594630e-02,5.689717890895462649e-02,1.794680963931055348e-02,4.326486149984352936e-02,5.582604968166007819e-02,4.817555831328238641e-02,6.341340326099953462e-02,1.695604179308897105e-02,4.466419831048432099e-02,5.251100262256536838e-02,4.994077911823997101e-02,5.136296990256519063e-02,6.073242208250458768e-02,1.795924444932960745e-02,4.430989271231000615e-02,5.360826197890798672e-02,4.563101571831371800e-02,5.539668936848323594e-02,5.335796247809495435e-02,7.352766087167829367e-02
1.845209503114301000e-02,1.912499958567429395e-02,1.034421184114627135e+00,1.417838265130334612e-02,1.730705164887975878e+00,6.494284122432208983e-01,2.069985417381508749e-02,1.106473108552451290e+00,1.156330290708182496e+00,5.595424007723124316e-01,6.195598760221489310e-02,8.979282200541240933e-01,1.129907993280045986e+00,9.234567424456732176e-01,4.506120006324302874e-01,1.027776231255451839e-01,7.411329615091130085e-01,1.043355526042203385e+00,1.064992993499168872e+00,7.326165574871655872e-01,1.372133488711904548e+00,-1.408035556652974425e-02,1.668445368251106231e+00,9.459652468024868366e-01,1.003838209393810299e+00,9.353654782510595345e-01,8.848293312928477983e-01,1.141752823990014321e+00
2.359254545198388037e-02,2.201402097744943609e-02,9.583738284028848753e-01,2.089857495741942114e-02,6.525723581047021549e-01,1.627876457367541052e+00,2.426578785720019324e-02,4.694759987837142656e-01,1.153072155183008762e+00,1.204563875721985866e+00,2.539037250361648318e-02,1.383324322132182704e+00,8.399162184295803080e-01,1.209610746610568111e+00,2.113310174472381231e+00,2.280084806655410801e-02,2.162699587416943015e+00,8.642718211978774878e-01,1.039178400208589981e+00,1.385090821529295413e+00,1.621609125578458377e+00,2.218386249524978773e-02,1.850185103523521724e+00,1.240933576586728426e+00,9.869064737026804757e-01,1.049912394858838027e+00,1.456264620060746529e+00,1.386209558282847532e+00
1.986512722354511276e-02,1.746043707873829592e-02,5.168435873266869623e-02,1.367037739969365409e-02,3.789673343337832123e-02,6.009593642839105437e-02,1.278902489998326626e-02,3.304348734221528028e-02,4.953925959568337284e-02,6.179551208397805057e-02,9.875168149655553715e-03,2.716258989687178951e-02,3.835797364030855972e-02,4.819938886534277239e-02,5.969744887661890265e-02,1.124518310089932596e-02,2.341895295680811520e-02,3.215734612278146193e-02,3.791068195567793425e-02,4.772445497237728929e-02,6.230502147034004679e-02,1.183655904163448923e-02,2.283898695015433231e-02,3.086076526338317472e-02,3.524454286143736265e-02,4.524141479616146377e-02,5.870886181431831524e-02,6.963191064590881774e-02
1.757957700264744724e-02,1.483537090799130244e-02,3.952367800367466433e-02,8.753160476965751030e-03,2.083282479404748380e-02,3.802234611595380759e-02,8.297424754777762285e-03,1.816971343419424706e-02,3.462855575850543738e-02,4.919230591928643037e-02,1.031428373501619075e-02,1.565956498854571485e-02,3.137930082070521098e-02,4.318514601517771390e-02,5.299951753935589621e-02,1.089726866353571064e-02,1.612069857880104803e-02,2.785768775850913301e-02,4.134105664894779236e-02,4.493737616114078931e-02,4.703035699003690201e-02,1.185474559222787251e-02,1.681518609102855208e-02,2.829352277728906101e-02,4.091789370459158331e-02,4.738331384092550613e-02,4.447288516443916734e-02,6.743383644004874444e-02
1.013180473758675676e-02,7.764549624038987949e-03,1.718342952054714712e-02,5.706191132389194440e-03,1.018844436540177964e-02,2.498305374805843276e-02,5.039145026982188268e-03,7.821304228068618955e-03,2.011848439519589929e-02,2.804711907843086827e-02,3.816358840682632612e-03,4.988313282302783008e-03,1.369864208628645760e-02,2.000328900907127200e-02,2.477105070851811849e-02,2.408257744060642545e-03,5.336449722273047848e-03,1.231426858517051769e-02,1.830637551804833660e-02,2.381500035120031472e-02,3.463603805019300347e-02,2.228183953172292731e-03,4.608130725913438946e-03,1.159973017687328765e-02,2.040067669337241457e-02,2.451744858429983145e-02,2.881926719120585928e-02,3.108915104266657056e-02
1.137178230502608120e-02,1.066406193826091760e-02,-1.148298587110224561e-01,1.298140204033353812e-02,9.245984329097749477e-01,1.025568508089168329e+00,8.433897607271308855e-03,6.847284773701461935e-01,9.992008056314766185e-01,7.745073067847656478e-01,1.348462412982254742e-02,5.477233620043505669e-01,8.724081442629211258e-01,9.199403638631514779e-01,6.146270549480257195e-01,-2.140986950682642609e-02,4.309901108960927929e-01,7.427967839216026436e-01,9.524953658446712046e-01,8.100303411837448397e-01,4.817352131293765605e-01,-3.100912003490082641e-02,3.290898392840964082e-01,6.180702279617036332e-01,8.130538465138894555e-01,8.391159114317339185e-01,6.857289188639766886e-01,4.042148227537196714e-01
